126,flu,swine,h1n1,vaccine,country
127,said,cosmic,solar,year,sun
128,train,said,two,railway,killed
129,jackson,michael,said,bdnews24comreuters,death
130,price,said,oil,petroleum,hike
131,journalist,said,murder,abduction,police
132,obamas,u,barack,president,obama
133,abu,ghraib,said,prison,u
134,said,ban,bdnews24comreuters,told,slapped
135,india,positive,factor,budget,said
136,said,piracy,entertainment,company,year
137,ltte,tiger,tamil,said,military
138,india,food,factor,positive,team
139,pirate,somali,ship,said,bdnews24comreuters
140,said,life,water,space,search
141,said,birth,baby,born,bdnews24comreuters
142,said,tree,felling,minister,bdnews24com
143,tata,nano,car,motor,said
144,bhopal,said,india,people,madhya
145,said,bhutto,benazir,assassination,leader
146,ram,court,verdict,dhaka,single
147,india,crime,war,cyber,factor
148,site,networking,social,said,facebook
149,delhi,commonwealth,new,game,event
150,gate,bill,said,year,new
151,prize,nobel,committee,chemistry,said
152,india,missile,said,test,tested
153,solar,said,system,energy,also
154,may,said,auction,spectrum,3g
155,mumbai,said,taj,militant,hotel
156,indian,minister,india,said,tharoor
157,film,said,indian,bdnews24comreuters,india
158,afghanistan,attack,said,bdnews24comreuters,province
159,hasina,sheikh,election,league,awami
160,war,iraq,said,2003,bdnews24comreuters
161,bush,president,bdnews24comreuters,george,said
162,tornado,people,said,least,injured
163,india,tiger,said,conservation,factor
164,jackson,michael,said,bdnews24comreuters,child
165,law,marriage,divorce,said,babar
166,said,air,disaster,plane,bdnews24comreuters
167,chechen,rebel,russia,said,chechnya
168,suu,kyi,house,said,arrest
169,attack,bdnews24comreuters,said,militant,killed
170,hockey,bangladesh,national,dhaka,stadium
171,case,court,dhaka,minister,former
172,india,factor,positive,said,female
173,olympics,beijing,2008,said,bdnews24comreuters
174,said,slump,economic,year,economy
175,tendulkar,cricket,sachin,run,record
